<?xml version="1.0" encoding="UTF-8"?>
<con:config xmlns:con="http://www.sourceid.org/2004/05/config">
    <con:map name="bearer-access-token-management-plugins">
        <con:item name="OasisAT01">org.sourceid.oauth20.token.plugin.impl.ReferenceBearerAccessTokenManagementPlugin</con:item>
        <con:item name="PingCentralUserATM">com.pingidentity.pf.access.token.management.plugins.JwtBearerAccessTokenManagementPlugin</con:item>
    </con:map>
    <con:item name="bearer-access-token-management-plugins-default">OasisAT01</con:item>
    <con:map name="bearer-access-token-management-plugin-sequence">
        <con:item name="OasisAT01">1</con:item>
        <con:item name="PingCentralUserATM">373467</con:item>
    </con:map>
</con:config>