<?xml version="1.0" encoding="UTF-8"?>
<con:config xmlns:con="http://www.sourceid.org/2004/05/config">
    <con:item name="AutoCreateCertOnEngineNode">true</con:item>
    <con:list name="ActiveAdminServerAliases">
        <con:ListItem>wia24hgu4exwu3ph3r3j7ziuo</con:ListItem>
    </con:list>
    <con:list name="ActiveServerAliases">
        <con:ListItem>wia24hgu4exwu3ph3r3j7ziuo</con:ListItem>
    </con:list>
    <con:item name="DefaultActiveServerAlias">wia24hgu4exwu3ph3r3j7ziuo</con:item>
    <con:item name="DefaultActiveAdminServerAlias">wia24hgu4exwu3ph3r3j7ziuo</con:item>
</con:config>