<?xml version="1.0" encoding="UTF-8"?>
<con:config xmlns:con="http://www.sourceid.org/2004/05/config">
    <con:item name="1337529:WARN">2019-08-06</con:item>
    <con:item name="1337616:WARN">2019-08-06</con:item>
    <con:item name="1337970:WARN">2019-08-06</con:item>
    <con:item name="1338889:WARN">2019-08-07</con:item>
    <con:item name="1338966:WARN">2019-08-13</con:item>
    <con:item name="1435113:WARN">2019-10-24</con:item>
    <con:item name="1507854:WARN">2019-12-27</con:item>
</con:config>