<?xml version="1.0" encoding="UTF-8"?>
<urn:PluginConfiguration isInheritExtendedContractAttributes="false" name="LOAExtendedPropSelector" xmlns:urn="urn:sourceid.org:saml2:adapter:conf">
    <urn:Fields>
        <urn:Field name="Extended Property">LOA</urn:Field>
    </urn:Fields>
    <urn:AdvancedFields/>
    <urn:Tables/>
    <urn:ExtendedContractAttributes>
        <urn:AttributeName>MultiFactor</urn:AttributeName>
        <urn:AttributeName>SingleFactor</urn:AttributeName>
    </urn:ExtendedContractAttributes>
</urn:PluginConfiguration>