<?xml version="1.0" encoding="UTF-8"?>
<urn:AuthnSelectionConfig lastModifiedMillis="1571367904039" enableAuthnSelection="true" enableSpAuthnSelection="false" failIfNoSelection="false" xmlns:urn="urn:pingidentity.com:pf:authn-selection">
    <urn:AuthnSelectionTrees>
        <urn:AuthnSelectionTree treeName="AuthN Experience" disabled="false" authnApiApp="">
            <urn:AstRoot context="">
                <urn:AstAction authnSelectorId="authnExp" xsi:type="urn:AuthnSelectorActionType" xmlns:xsi="http://www.w3.org/2001/XMLSchema-instance"/>
                <urn:AstChild context="Basic">
                    <urn:AstAction xsi:type="urn:AuthnSourceActionType" xmlns:xsi="http://www.w3.org/2001/XMLSchema-instance">
                        <urn:AuthnSourceKey type="ADAPTER">HTMLForm</urn:AuthnSourceKey>
                        <urn:fallbackToSuccess>true</urn:fallbackToSuccess>
                    </urn:AstAction>
                    <urn:AstChild context="Fail">
                        <urn:AstAction noOpType="DONE" xsi:type="urn:NoOpActionType" xmlns:xsi="http://www.w3.org/2001/XMLSchema-instance"/>
                    </urn:AstChild>
                    <urn:AstChild context="Success">
                        <urn:AstAction apcId="hRsB6datB6BJplah" xsi:type="urn:ApcMappingActionType" xmlns:xsi="http://www.w3.org/2001/XMLSchema-instance">
                            <urn:AttributeMapping>
                                <urn1:AttributeMap Name="entryUUID" Type="Adapter" AttributeSourceId="HTMLForm" Value="entryUUID" xmlns:urn1="urn:sourceid.org:saml2:metadata-extension:v2"/>
                                <urn1:AttributeMap Name="mail" Type="Adapter" AttributeSourceId="HTMLForm" Value="mail" xmlns:urn1="urn:sourceid.org:saml2:metadata-extension:v2"/>
                                <urn1:AttributeMap Name="subject" Type="Adapter" AttributeSourceId="HTMLForm" Value="entryUUID" xmlns:urn1="urn:sourceid.org:saml2:metadata-extension:v2"/>
                                <urn1:AttributeMap Name="isMemberOf" Type="Adapter" AttributeSourceId="HTMLForm" Value="isMemberOf" xmlns:urn1="urn:sourceid.org:saml2:metadata-extension:v2"/>
                                <urn1:TokenAuthorizationIssuanceCriteria xmlns:urn1="urn:sourceid.org:saml2:metadata-extension:v2"/>
                            </urn:AttributeMapping>
                        </urn:AstAction>
                    </urn:AstChild>
                </urn:AstChild>
                <urn:AstChild context="Enhanced">
                    <urn:AstAction xsi:type="urn:AuthnSourceActionType" xmlns:xsi="http://www.w3.org/2001/XMLSchema-instance">
                        <urn:AuthnSourceKey type="ADAPTER">HTMLFormWithLIP</urn:AuthnSourceKey>
                        <urn:fallbackToSuccess>true</urn:fallbackToSuccess>
                    </urn:AstAction>
                    <urn:AstChild context="Fail">
                        <urn:AstAction noOpType="DONE" xsi:type="urn:NoOpActionType" xmlns:xsi="http://www.w3.org/2001/XMLSchema-instance"/>
                    </urn:AstChild>
                    <urn:AstChild context="Success">
                        <urn:AstAction apcId="hRsB6datB6BJplah" xsi:type="urn:ApcMappingActionType" xmlns:xsi="http://www.w3.org/2001/XMLSchema-instance">
                            <urn:AttributeMapping>
                                <urn1:AttributeMap Name="entryUUID" Type="Adapter" AttributeSourceId="HTMLFormWithLIP" Value="entryUUID" xmlns:urn1="urn:sourceid.org:saml2:metadata-extension:v2"/>
                                <urn1:AttributeMap Name="mail" Type="Adapter" AttributeSourceId="HTMLFormWithLIP" Value="mail" xmlns:urn1="urn:sourceid.org:saml2:metadata-extension:v2"/>
                                <urn1:AttributeMap Name="subject" Type="Adapter" AttributeSourceId="HTMLFormWithLIP" Value="entryUUID" xmlns:urn1="urn:sourceid.org:saml2:metadata-extension:v2"/>
                                <urn1:AttributeMap Name="isMemberOf" Type="Adapter" AttributeSourceId="HTMLFormWithLIP" Value="isMemberOf" xmlns:urn1="urn:sourceid.org:saml2:metadata-extension:v2"/>
                                <urn1:TokenAuthorizationIssuanceCriteria xmlns:urn1="urn:sourceid.org:saml2:metadata-extension:v2"/>
                            </urn:AttributeMapping>
                        </urn:AstAction>
                    </urn:AstChild>
                </urn:AstChild>
                <urn:AstChild context="PingID">
                    <urn:AstAction xsi:type="urn:AuthnSourceActionType" xmlns:xsi="http://www.w3.org/2001/XMLSchema-instance">
                        <urn:AuthnSourceKey type="ADAPTER">HTMLFormWithLIP</urn:AuthnSourceKey>
                        <urn:fallbackToSuccess>true</urn:fallbackToSuccess>
                    </urn:AstAction>
                    <urn:AstChild context="Fail">
                        <urn:AstAction noOpType="DONE" xsi:type="urn:NoOpActionType" xmlns:xsi="http://www.w3.org/2001/XMLSchema-instance"/>
                    </urn:AstChild>
                    <urn:AstChild context="Success">
                        <urn:AstAction xsi:type="urn:AuthnSourceActionType" xmlns:xsi="http://www.w3.org/2001/XMLSchema-instance">
                            <urn:AuthnSourceKey type="ADAPTER">PingID</urn:AuthnSourceKey>
                            <urn:fallbackToSuccess>true</urn:fallbackToSuccess>
                            <urn:InputIdMapping Type="Adapter" AttributeSourceId="HTMLFormWithLIP" Value="entryUUID"/>
                        </urn:AstAction>
                        <urn:AstChild context="Fail">
                            <urn:AstAction noOpType="DONE" xsi:type="urn:NoOpActionType" xmlns:xsi="http://www.w3.org/2001/XMLSchema-instance"/>
                        </urn:AstChild>
                        <urn:AstChild context="Success">
                            <urn:AstAction apcId="hRsB6datB6BJplah" xsi:type="urn:ApcMappingActionType" xmlns:xsi="http://www.w3.org/2001/XMLSchema-instance">
                                <urn:AttributeMapping>
                                    <urn1:AttributeMap Name="entryUUID" Type="Adapter" AttributeSourceId="HTMLFormWithLIP" Value="entryUUID" xmlns:urn1="urn:sourceid.org:saml2:metadata-extension:v2"/>
                                    <urn1:AttributeMap Name="mail" Type="Adapter" AttributeSourceId="HTMLFormWithLIP" Value="mail" xmlns:urn1="urn:sourceid.org:saml2:metadata-extension:v2"/>
                                    <urn1:AttributeMap Name="subject" Type="Adapter" AttributeSourceId="HTMLFormWithLIP" Value="entryUUID" xmlns:urn1="urn:sourceid.org:saml2:metadata-extension:v2"/>
                                    <urn1:AttributeMap Name="isMemberOf" Type="Adapter" AttributeSourceId="HTMLFormWithLIP" Value="isMemberOf" xmlns:urn1="urn:sourceid.org:saml2:metadata-extension:v2"/>
                                    <urn1:TokenAuthorizationIssuanceCriteria xmlns:urn1="urn:sourceid.org:saml2:metadata-extension:v2"/>
                                </urn:AttributeMapping>
                            </urn:AstAction>
                        </urn:AstChild>
                    </urn:AstChild>
                </urn:AstChild>
            </urn:AstRoot>
            <urn:treeDescription>This Policy is used with the Extended Properties value on the Application to dictate which AuthN Experience is delivered with the app.

Basic | Enhanced | PingID</urn:treeDescription>
        </urn:AuthnSelectionTree>
        <urn:AuthnSelectionTree treeName="Default AuthN Policy" disabled="false" authnApiApp="">
            <urn:AstRoot context="">
                <urn:AstAction xsi:type="urn:AuthnSourceActionType" xmlns:xsi="http://www.w3.org/2001/XMLSchema-instance">
                    <urn:AuthnSourceKey type="ADAPTER">HTMLForm</urn:AuthnSourceKey>
                    <urn:fallbackToSuccess>true</urn:fallbackToSuccess>
                </urn:AstAction>
                <urn:AstChild context="Fail">
                    <urn:AstAction noOpType="DONE" xsi:type="urn:NoOpActionType" xmlns:xsi="http://www.w3.org/2001/XMLSchema-instance"/>
                </urn:AstChild>
                <urn:AstChild context="Success">
                    <urn:AstAction apcId="hRsB6datB6BJplah" xsi:type="urn:ApcMappingActionType" xmlns:xsi="http://www.w3.org/2001/XMLSchema-instance">
                        <urn:AttributeMapping>
                            <urn1:AttributeMap Name="entryUUID" Type="Adapter" AttributeSourceId="HTMLForm" Value="entryUUID" xmlns:urn1="urn:sourceid.org:saml2:metadata-extension:v2"/>
                            <urn1:AttributeMap Name="mail" Type="Adapter" AttributeSourceId="HTMLForm" Value="mail" xmlns:urn1="urn:sourceid.org:saml2:metadata-extension:v2"/>
                            <urn1:AttributeMap Name="subject" Type="Adapter" AttributeSourceId="HTMLForm" Value="entryUUID" xmlns:urn1="urn:sourceid.org:saml2:metadata-extension:v2"/>
                            <urn1:AttributeMap Name="isMemberOf" Type="Adapter" AttributeSourceId="HTMLForm" Value="isMemberOf" xmlns:urn1="urn:sourceid.org:saml2:metadata-extension:v2"/>
                            <urn1:TokenAuthorizationIssuanceCriteria xmlns:urn1="urn:sourceid.org:saml2:metadata-extension:v2"/>
                        </urn:AttributeMapping>
                    </urn:AstAction>
                </urn:AstChild>
            </urn:AstRoot>
        </urn:AuthnSelectionTree>
    </urn:AuthnSelectionTrees>
    <urn:DefaultAuthnSources/>
</urn:AuthnSelectionConfig>