<?xml version="1.0" encoding="UTF-8"?>
<sk:systemKeys xmlns:sk="http://pingidentity.com/2018/01/system-keys">
    <sk:currentKey>
        <sk:key>eyJhbGciOiJkaXIiLCJlbmMiOiJBMTI4Q0JDLUhTMjU2Iiwia2lkIjoicTJhZ01mMFNMVyIsInZlcnNpb24iOiI5LjIuMS4xIiwiemlwIjoiREVGIn0..3wVApzQBfPMvfFcT5pQ3vw.tzm1ornbAkc3aWImHDHincyqieM5Osp_peAlkQqcHhBHGDoDssLmJ1Y4ReMe4qKr.R1vgwskQhw62AWv7qgJTjg</sk:key>
        <sk:generatedTime>2019-05-02T16:47:08.503Z</sk:generatedTime>
    </sk:currentKey>
    <sk:previousKey xsi:nil="true" xmlns:xsi="http://www.w3.org/2001/XMLSchema-instance"/>
    <sk:pendingKey>
        <sk:key>eyJhbGciOiJkaXIiLCJlbmMiOiJBMTI4Q0JDLUhTMjU2Iiwia2lkIjoicTJhZ01mMFNMVyIsInZlcnNpb24iOiI5LjIuMS4xIiwiemlwIjoiREVGIn0..QcEVtZws096sluwPha3SbQ.VQmucdL8R9DcBpNW5VPK_60cabsBh9G2LDP429Pl4KU253xWvNpYi9OSE29xdsy8.AWnwY8PsZk0sKCQ9duDR3A</sk:key>
        <sk:generatedTime>2019-05-02T16:47:08.543Z</sk:generatedTime>
    </sk:pendingKey>
</sk:systemKeys>